{
	"class_name" : "PinholeCameraParameters",
	"extrinsic" : 
	[
		0.53670839332215703,
		-0.033506855391224555,
		0.84310224242338516,
		0.0,
		-0.15741976030869814,
		-0.98564353419671191,
		0.061039680213508932,
		0.0,
		0.82895302617331768,
		-0.16548146161430582,
		-0.53427779877147452,
		0.0,
		-154.05081154631401,
		151.04056102828588,
		315.01414806981154,
		1.0
	],
	"intrinsic" : 
	{
		"height" : 1080,
		"intrinsic_matrix" : 
		[
			935.30743608719376,
			0.0,
			0.0,
			0.0,
			935.30743608719376,
			0.0,
			959.5,
			539.5,
			1.0
		],
		"width" : 1920
	},
	"version_major" : 1,
	"version_minor" : 0
}